,English,Bemba,Bemba2
0,Abdomen,Ifumo,
1,Above,Pa mulu,
2,Absent,Tapali,Talipo
3,Abuse,Umusalula,
4,Accept,Poka,Pokelela
5,Accident,Ishamo,
6,Acclimatize,Belela,
7,Accompany,Shindika,
8,According,Ukulingana,
9,Accustom,Belesha,
10,Ache,Kalipa,
11,Act,Imicitile,
12,Add,Lunda,Bikapo
13,Adhere,Kambatila,
14,Administration,Ubuteko,
15,Admire,Kumbwa,Tamba
16,Admit,Sumina,
17,Admonish,Konkomesha,
18,Adore,Pepa,
19,Adult,-kalamba,
20,Adulterer,Umucende,
21,Adultery,Ubucende,
22,Advance,Tangisha,
23,Advantage,Wamina,
24,Advice,Ifunde,
25,Adviser,Kapanda mano,
26,Aeroplane,Indeke,
27,Afar,Ukutali,
28,Afflict,Cusha,
29,Affliction,Ubucushi,
30,Afraid,-tina,
31,Afresh,Kabili,
32,Africa,Icalo ca Afrika,
33,African,Umwina Afrika,
34,After,Kuntanshi,
35,Afternoon,Icungulo,
36,Afterwards,Pa numa,
37,Again,Nakabili,
38,Against,-ku,Pata
39,Age,Imyaka,
40,Aggravate,Kusha,
41,Ago,Papita,
42,Agonize,Pumbuka,
43,Agree,Sumina,
44,Agreeable,-wama,
45,Agreement,Icumfwano,Icipangano
46,Agriculture,Ubulimi,
47,Ahead,Kuntanshi,
48,Aid,-afwa,Ubwafwilisho
49,Aim,Andika,Tonta
50,Air,Umwela,
51,Alas,Owe!,
52,Alarm,Soka,-tinya
53,Alert,-cebuka,
54,Alien,Umweni,-ceni
55,Alike,Pala,Mumo
56,Alive,Mumi,
57,All,Onse,
58,Allow,Suminisha,
59,Almighty,Wa maka yonse,
60,Almost,Mu cikanga,
61,Alms,Ubupe,
62,Alone,Eka,
63,Aloud,Ikatisha,
64,Alphabet,Ifilembo,
65,Already,Kale,
66,Also,Na,
67,Alter,Alula,
68,Although,Nangu,
69,Always,Pe na pe,
70,Amaze,Sungusha,
71,Amend,Wamya,
72,Amidst,Pa kati ka-,
73,Ammunition,Cipolopolo,
74,Among,Pa kati ka-,
75,Amount,(Fyonse) pamo,
76,Amputate,Putula,Teta
77,Amuse,Sekesha,
78,Amusement,Umusamwe,
79,Ancestor,Icikolwe,
80,Ancient,Kale,
81,And,Na,
82,Angel,Malaika,
83,Anger,Icipyu,Ubukali
84,Animal,Inama,
85,Ankle,Inkolokoso,
86,Announcement,Imbila,
87,Annoy,Kalifya,
88,Annual,Mwaka,
89,Annually,Cila mwaka,
90,Annoint,Suba,
91,Another,-mbi,
92,Answer,Ankula,Ubwasuko
93,Ant,Nyelele,
94,Antbear,Nengo,
95,Anthill,Iculu,
96,Anxiety,Isakamiko,
97,Anxious,Sakamana,
98,Any,Onse,
99,Apart,Eka,
100,Ape,Kolwe,
101,Aplogize,Papata,
102,Apostle,Umutumishi,
103,Appear,Moneka,
104,Appearance,Imimonekele,
105,Appetite,Insala,
106,Applause,-Ombe ndupi,
107,Appoint,Sonta,
108,Apprentice,Umusambilila,
109,Approach,Palamika,
110,April,Shinde,
111,Approve,Suminisha,
112,Argue,Talika,
113,Argument,Ifikansa,
114,Arm,Ukuboko,Icanso
115,Armpit,(Mu)kwapa,
116,Army,Ifila,
117,Aroma,Icena,
118,Around,Mumbali,
119,Arrange,Pekanya,
120,Arrest,Ikata,
121,Arrive,Fika,
122,Arrogance,Icilumba,Imiya
123,Arrow,Umufwi,
124,Artery,Umushipa wa mulopa,
125,Article,Icintu,
126,Artisan,Fundi,
127,Ascend,Nina,
128,Ashamed,ba ne nsoni,
129,Ashes,Imito,
130,Ask,Ipusha,
131,Asleep,Lala,Sendama
132,Ass,Punda,
133,Assault,Uma,Ulubuli
134,Assemble,Longanya,Longana
135,Assent,Sumina,
136,Assist,Afwa,Afwilisha
137,Assistance,Ubwafwilisho,
138,Assort,Sala,
139,Astonish,Sungusha,
140,Astonished,Sunguka,Papa
141,Astray,Luba,
142,At once,Nomba line,
143,Atmosphere,Ulwelele,Umwela
144,Attach,Kambatika,
145,Attempt,Esha,
146,Attend,Sangwapo,
147,Authority,Amaka,
148,Authorize,Pela amaka,
149,Avarice,Akaso,
150,Avenge,Landula,
151,Avoid,Taluka,
152,Await,Pemba,
153,Awake,Shibuka,
154,Awaken,Shibusha,
155,Aware,Ishiba,
156,Away,Ukutali,Talipo
157,Axe,Isembe,
158,B,,
159,Baby,Umwana,Akanya
160,Bachelor,Umushimbe,
161,Back,Inuma,Musana
162,Backbite,Amba,
163,Bacon,Inama ya Nkumba,
164,Backward,Ubumfutete,
165,Bad,Bipa,
166,Bag,Umufuko,
167,Baggage,Icipe,
168,Bald,Ipala,
169,Ball,Umupila,
170,Bamboo,Ulusengu,
171,Banana,Inkonde,
172,Bandage,Insalu,
173,Banish,Tamfya,
174,Bank (of river),Icituntu,
175,Banquet,Amalila,
176,Baptism,Ulubatisho,
177,Baptise,Batisha,
178,Bar,Inkolonga,
179,Bare,Fula,
180,Bargain,Ukukabushanya,
181,Bark (tree),Icipapa,
182,Bark,Bosa,
183,Barn,Ubutala,
184,Barrel,Umutungi,
185,Barren,ba ngumba,
186,Barricade,Konkomeka,
187,Barter,Ubukwebo,
188,Basin,Ibeseni,
189,"Basket, reed",Umuseke,
190,"Basket, bamboo",Citundu,
191,"Basket, winnowing",Ulupe,
192,Bastard,Umwana wamu bucende,
193,Bat,Akasusu,
194,Bateleur (eagle),Mpungu,
195,Bathe,Samba / Owa,
196,Battle,Lwa / Ubulwi,
197,Be,Kacibe,
198,Beach,Lulamba,
199,Beacon,Ulupopo,
200,Bead,Ubulungu,
201,Beak,Umulomo,
202,Beam,Umwalo,
203,Bean,Cilemba,
204,Bear (a child),Fyala,
205,Bear (fruit),Twala,
206,Bear (carry),Senda,
207,Beard,Umwefu,
208,Beast,Icinama,
209,Beat,Uma,
210,Beat (heart),Tunta,
211,Beating (punishment),Ifikoti,
212,Beautiful,...suma / wama,
213,Beautify,Wamya,
214,Because,Pantu / ku mulandu wa,
215,Become,Aluka / Sanguka,
216,Bed,Ubusanshi,
217,Bedroom,Inganda ya kusendama,
218,Bee,Ulushimu,
219,Beer,Ubwalwa,
220,Beetle,Akashishi,
221,Before,Pa ntanshi / pa kubala,
222,Beg,Lomba / Papatila,
223,Beggar,Umupushi,
224,Begin,Tampa / Tendeka / Amba,
225,Beginning,Intendekelo,
226,Behalf,Pa malo ya,
227,Behave,Tekanya,
228,Behaviour,Imicitile / imyendele,
229,Behead,Putulako umutwe,
230,Behind,Ku numa,
231,Behold,Lelo,
232,Being,Umuntu,
233,Belch,Byola,
234,Belie,Bepesha,
235,Belief,Ubusumino,
236,Believe,Sumina,
237,Bell,Inyenjele,
238,Bellows,Umuba,
239,Belly,Ifumo / mu nda,
240,Beloved,Umutemwika,
241,Below,Mwisamba,
242,Belt,Umushipi,
243,Bench,Imbao,
244,Bend,Peta / Icishoko / Inama,
245,Benediction,Ibalaka,
246,Benefit,Wamina,
247,Beseech,Papata,
248,Beside,Mupepi,
249,Besiege,Shinga,
250,Best,Wamisha,
251,Bet,Icipangano,
252,Betray,Sangukila,
253,Betroth,Kobekela,
254,Better,Wama ukucila,
255,Between,Pakati ka..,
256,Beverage,Icakunwa,
257,Beware,Cenjela,
258,Bewitch,Lowa,
259,Beyond,Peshilya,
260,Bible,Icipingo,
261,Biceps,Bombwe,
262,Bicycle,Incinga,
263,Bid,Eba,
264,Bifurcation (road),Masansa,
265,Big,..kulu / ...kalamba,
266,Bile,Indusha,
267,Bilharzia,Mubongola,
268,Bin,Ubutala,
269,Bind,Kaka,
270,Bird,Icuni / Akoni,
271,Birth,Ukufyalwa,
272,Bishop,Shikofu,
273,Bit,Panono / panini,
274,Bite,Suma,
275,Bitter,Lula,
276,Black,Fita,
277,Blacken,Fisha,
278,Blackish,Fituluka,
279,Black jack,Kasokopyo,
280,Blacksmith,Kafula,
281,Bladder,Icisu,
282,Blade,Cilimi,
283,Blame (falsely),Bepesha,
284,Blanket,Ubulangeti,
285,Blast furnace,Ilungu,
286,Blaze,Lubingu,
287,Bleed,Suma umulopa,
288,Blend,Sasha,
289,Bless,Balikila / Pala amate / Senamina,
290,Blessing,Ipalo,
291,Blind,Pofula,
292,Blindness,Ubupofu,
293,Blind person,Impofu,
294,Blink,Kapa,
295,Blister,Icitusha,
296,Blood,Umulopa,
297,Blood vessel,Umushipa wamulopa,
298,Bloom (flower),Satula,
299,Bloom (tree),Balula,
300,Blossom,Lutombo,
301,Blow (hit),Ulupumo,
302,Blow (nose),Fyona,
303,Blow (puff),Puta,
304,Blunder,Tena,
305,Blunt,Fupa,
306,Board,Ipulanga,
307,Boast,Amataki / Itakisha,
308,Boat,Ubwato,
309,Boatsman,Kashika wa bwato,
310,Body,Umubili,
311,Boggy,Tika,
312,Boil (water),Bila / Bilauka / Kafya,
313,Boil (pus),Icipute,
314,Bold,Pama,
315,Bone,Ifupa,
316,Book,Icitabo,
317,Boot,Insapato,
318,Border,Umupaka,
319,Bore (hole),Tula,
320,Boredom,Icitendwe,
321,Borer,Umusumbo,
322,Boring beetle,Lupese,
323,Born,-fyalwa,
324,Borrow,Ashima / Kongola,
325,Bosom,Iceni,
326,Both,Fyonse,
327,Bother,Sakamika,
328,Bottle,Umusukupala,
329,Bounce,Tama,
330,Boundary,Umupaka,
331,Bounty,Ubusuma,
332,Bow,Inama,
333,Bow (& arrow),Ubuta,
334,Bowel,Amala,
335,Bowl,Imbale,
336,Box,Imbokoshi,
337,Boy,Umwana mwaume,
338,Boy (youth),Umulumendo,
339,Bracelet (ivory),Ikosa,
340,Bracelet (grass),Cindele,
341,Bracelet (metal),Icinkwingili,
342,Bracelet (copper),Lusambo,
343,Brag,Amataki / Itakisha,
344,Brain,Bongo bongo,
345,Bran,Ifisense,
346,Branch,Umusambo,
347,Brave,Shipa / Pama,
348,Bread,Umukate,
349,Breadth,Ubukulu,
350,Break,Putula,
351,Break (pieces),Fungaula,
352,Break (fracture),Kontola Kontoka,
353,Break (rest),Tusha,
354,Break off,Mokola,
355,Break up,Pangulula,
356,Break (promise),Futuka,
357,Breakfast,-ikula,
358,Breast,Ibele,
359,Breast bone,Inkombe,
360,Breath,Umupu,
361,Breathe,Pema,
362,Breed,Sanda,
363,Brew (beer),Longa ubwalwa,
364,Bribe,Mafisa kanwa,
365,Brick,Itafwali,
366,Brick kiln,Icibili,
367,Bricklayer,Kakula wa njelwa,
368,Brick mould,Icikombola,
369,Bride,Nabwinga,
370,Bridegroom,Shibwinga,
371,Bridge,Ubulalo,
372,Bride price,Impango,
373,Bright,-Beka,
374,Brim,Milomo,
375,Bring,Leta,
376,Broad,Lepa,
377,Broaden,Lefya,
378,Broken,Tobeka,
379,Brook,Akamana,
380,Broom,Iceswa / Umukusao,
381,Brother,Indume,
382,Brotherhood,Bumunyina,
383,Brother-in law,Bukwe,
384,Bruise,Uluma / Cena,
385,Brush,Cifuti,
386,Brush (tooth),Umuswaki,
387,Brutality,Ubunkalwe,
388,Brute,Umunkalwe,
389,Bubble,Selauka,
390,Bucket,Imbeketi,
391,Bud,Ulutombo,
392,Buffalo,Imboo,
393,Bug (bed),Icipu,
394,Bugle,Ipenga,
395,Build,Kula / Panga,
396,Bull,Cilume,
397,Bullet,Cipolopolo,
398,Bunch,Cisangu,
399,Bundle,Umwanshi,
400,Burden,Icipe,
401,Burglar,Umupupu,
402,Burial place,Inshishi,
403,Burial place (Royal),Umwalule,
404,Burn,Oca / Pya / Lungula,
405,Burrow (big),Mwimba,
406,Burrow (small),Umusombo,
407,Burst,Lepuka,
408,Bury,Shika,
409,Bush,Impanga,
410,Bush buck,Cisongo,
411,Business,Umulimo,
412,Busy,Ba ne milimo,
413,But,Nomba,
414,Butcher,Kakoma wa Ngombe,
415,Butter,Amafuta ye shiba,
416,Butterfly,Icipelebesha,
417,Buttock,Itako,
418,Button,Ipitawa,
419,Buy,Shita,
420,By,Ku / Kuli,
421,Bye (Go well),Fikenipo,
422,Bye (remain well),Shalenipo,
423,C,,
424,Cabbage,"""Kabeji""",
425,Calabash,Insupa,
426,Calamity,Ubulanda,
427,Calculate,Penda,
428,Calf,Iciponti ca nĝombe,
429,Call,Ubwite,Ita
430,Call out,Kuta,
431,Call out (shout),Pûnda,
432,Calm,Tondolo,Talala
433,Calm down,Bwesho mutima,
434,Calmly,Tondolo,Shilili
435,Camel,Ingamiya,
436,Camera,"""Kamela""",
437,Camp,Insakwe,
438,Can (do),Kuti,
439,Can (of food),Icikopo,
440,Canal,Umufōlo,Umunyangala
441,Cancel,Pangulula,
442,Cannot,Tekuti,Filwa
443,Canoe,Ubwato,
444,Cap,Akasote,
445,Capital (city),Umusumba,
446,Capitulate,Cīmba,
447,Capsize,Bunda,
448,Capsize (cause to),Bunsha,
449,Captain,Intungulushi,
450,Captive,Nkole,
451,Carcass,Icitumbi,
452,Card,Kalata,
453,Card (playing),Injuka,
454,Care (for),Sunga,
455,Care (about),Sakamana,
456,Careful,Take care,
457,Carefully,Bwino bwino,Bucebuce
458,Careless,Ba no busanku,
459,Carelessness,Ubusanku,Ubupusaushi
460,Carpenter,Kabasa,
461,Carrier,Kasenda,
462,Carry,Senda,
463,Carry (heavy),Pinga,
464,Carry (on back),Pāpa,
465,Carry (on shoulder),Sūnsa,
466,Cart,Iceleta,
467,Cartridge,Cisongo,
468,Carve,Bāsa,
469,Case (box),Imbokoshi,
470,Case (law),Umulandu,
471,Cash,Indalama,
472,Cassava (Manioc),Kalundwe,
473,Castor plant,Mumono,
474,Castrate,Tungula,
475,Cat,Côna,Pushi
476,Cat (wild),Mpaka,
477,Cat (civet),Mfungo,
478,Catch,Ikata,Anka
479,Catechist,Kafundisha,
480,Caterpillar,Ichishimu,
481,Catfish,Muta,
482,Catholic,"""Katolika""",
483,Catholic Church,"""Ekelesha katolika""",
484,Cattle,Inɧombe,
485,Cattle shed,Itanga,Icinka
486,Cause,Lenga,
487,Cause (reason),Mulandu,
488,Cause (beginning),Icishinte,
489,Cautious,Cenjela,Tekanya
490,Cave,Lucengo,
491,Cease,Leka,
492,Celebrate,Cindika,
493,Celibacy,Ubushimbe,
494,Celibate,Umushimbe,
495,Cement,Shamende,"""Sementi"""
496,Cemetery,Inshishi,
497,Centipede,Iciyongoli,
498,Central,Pakati,
499,Certain,Shininkisha,
500,Certainly,Na cine,cine cine
501,Chaff,Musungu,
502,Chain,Munyololo,
503,Chair,Umupando,
504,Chairman,Shicilye,
505,Chalk,Ulupemba,
506,Chalice,Cikombe,
507,Chance (luck),Ishuko,
508,Chance (time),Inshita,
509,Change (coins),Isha museke,
510,Change (being),Aluka,
511,Change (direction),Pinduluka,
512,Change (direction-cause),Pindulula,
513,Chapel,Inɧanda ya kwa Lesa,
514,Chapter,Cipandwa,
515,Character,Misango,Mibēle
516,Charcoal,Mufito,"""Amalasha"""
517,Charge (price),Mutengo,
518,Charge (demand payment),Lipilisha,
519,Charitable,Ba no bupe,
520,Charity,Icitemwiko,
521,Charm,Ubusaka,
522,Charm (spell),Ubwanga,
523,Chase,Tamfya,
524,Chat,Ilyashi,
525,Cheap,Nako mutengo,
526,Cheat,Cenjesha,
527,Check,Lengula,
528,Cheek,Isaya,
529,Cheer,Sansamusha,
530,Cheerful,Ba ne nsansa,
531,Cheerfulness,Insansa,
532,Cheetah,Cinseketa,
533,Chest,Icifuba,
534,Chew,Sheta,
535,Chicanery,Ubukakashi,
536,Chicken,Inkoko,
537,Chicken-pox,Kabokoshi,
538,Chide,Kalipila,
539,Chief,Imfumu,Bashamfumu
540,Chieftainship,Bufumu,
541,Chief's palace,Isano,
542,Child,Umwana,
543,Childhood,Ubwaice,
544,Childish,Ba nga kaice,
545,Chill,Kata,
546,Chimney,Icipunda ca cushi,
547,Chin,Kalefulefu,
548,Chip,Mokola,Kombola
549,Chisel (noun),Umwengo,
550,Chisel (verb),Fukula,
551,Choir,Baomba,
552,Choke,Pwilisho mweo,
553,Choose,Sala,
554,Chop,Ceka,Putaula
555,Christ,Kilishitu,
556,Christendom,Bukilishityani,
557,Christmas,Nshikunkulu ya kufyalwa kwa kwa Kilishitu,
558,Church,Ekelesha,Chalici
559,Church (building),Inɧanda ya Mulungu,
560,Churn milk,Suka mukaka,
561,Cinema,"""Shinema""",
562,Circle,Cintengulusha,
563,Circumstances,Apo cabe fi,
564,Cite,Lubulwisha,
565,Citizen,Umukaya,
566,Citizenship,Ubukaya,
567,City,Umusumba,
568,Civet cat,Mfungo,
569,Civil,Bukaya,
570,Clan,Umukôwa,
571,Clap (hands),Ombe ndupi,
572,Clash,Ulubuli,
573,Claw (noun),Ulwala,
574,Claw (verb),Fôla,
575,Clay,Ibumba,Iloba
576,Clean (be),Bûta,
577,Clean (make),Wamya,Pukuta
578,Clear (ground),Seba,Kungula
579,Clear (be),Bûta,
580,Clear (of water),Lengama,
581,Clear (explain),Londolola,
582,Clear (the table),Teule fipe,
583,Clearly,Bwino bwino,
584,Clerk,Kalaliki,
585,Clever,Ba na mano,Cenjela
586,Cleverness,Amâno,
587,Climate,(icalo),
588,Cling to,Konena,Shangila
589,Cloak,Isâba,
590,Clock,Inkololo,
591,Close (shut),Isala,
592,Close (near) adv.,Pêpi,
593,Clot,Tikama,
594,Cloth,Insalu,
595,Clothe,Fwika,Fwâla
596,Cloud,Ikumbi,Ntumba
597,Cloudy,Kutika,Bundama
598,Club,Mulanga,
599,Coal,Malasha,
600,Coast,Lulamba,
601,Coat (of animal),Masako,
602,Cobra (common),Ngoshe,
603,Cobra (forest),Mamba,
604,Cobra (water),Mambalushi,
605,Cobra (spitting),Kafi,
606,Cobweb,Tandabube,
607,Cock,Mukolwe,
608,Cockroach,Lupemfu,
609,Coco nut,Ngashi,
610,Coddle,Tekelesha,Tentemba
611,Coerce,Patikisha,
612,Coffee,"""Kofi""",
613,Coil,Nyongâna,
614,Coin,Ikopala,
615,Cold,Impepo,
616,Cold (common),Icifine,
617,Colic,Mupindo,
618,Collapse (person),Wa panshi,
619,Collapse (building),Bongoloka,
620,Collar,Inteneshi,
621,Collect (money),Sanshishe ndalama,
622,Colour,Balâla,
623,Column,Luceshi,
624,Comb,Icisakulo,
625,Come,Isa,
626,Come back,Bwela,
627,Come between,Cinga,
628,Come from,Konka,Tula
629,Come near,Palama,
630,Come on!,Alêni!,
631,Come out,Fuma,
632,Come with,Konka,
633,Comfort,Talaliko mutima,
634,Command,Cebo,
635,Commemorate,Ibukisha,
636,Commence,Tampa,
637,Common,...onse,
638,Commoner,Mupabi,Muntunse
639,Compare,Palanya,Linganya
640,Compassion,Cilela,Languluka
641,Compel,Patika,
642,Compensate,Futa mukulinganya,
643,Compensation,Mafuto,
644,Compete,Cimfyanya,
645,Complain,Ilishanya,Isosha
646,Complete,Tuntula,
647,Complete (finish),Pwisha,
648,Completely,Onse,
649,Compliment,Tasha,
650,Compose,Panga,
651,Compound,"""Kompaundi""",
652,Compost,Umufundo,
653,Conceal,Fisa,Belamika
654,Conceive (pregancy),Imita,
655,Concern,Umulandu,
656,Concubine,Mwinga,
657,Concupiscence,Ulunkumbwa,
658,Condition,Cifwaikwa,Cikulu
659,Conduct,Ensha,
660,Confess,Lumbula,
661,Confession,Icilumbulo,
662,Confidence,Isubilo,
663,Confident,Sûbila,
664,Confidential,Mu nkâma,
665,Comfirm,Suminisha,
666,Comfirmation,Inkosho,
667,Confluence,Mawilo,
668,Confuse,Fulunganya,
669,Confusion,Icimfulunganya,Icimfundawila
670,Congeal,Tikama,
671,Congratulate,Tasha,
672,Congratulations,Ubutasho,
673,Congregation,Cibungwe,
674,Connect,Kumbinkanya,
675,Conquer,Cimfya,
676,Conscience,Umutima,
677,Consent,Sumina,
678,Consequently,Kanshi,e ico
679,Consider,Tontonkanya,
680,Console (pacify),Talaliko mutima,
681,Constable,Kapokola,
682,Constipated,Ifumo lyauma,
683,Construct,Kûla,Panga
684,Consult,Ipusha,
685,Consume,Lya,
686,Consumption (disease),Ntanda bwanga,
687,Contagious,Lwambu,
688,Contain,ba mo,
689,Contaminate,Ambukila,
690,Contempt,Musalûla,
691,Content (happy),Temwa,
692,Contents,Ifyabamo,
693,Continue,Twalilila,Konkanya
694,Contract,Icipangano,
695,Contradict,Bikapo ifikansa,
696,Contribute,Sangula,Pêla
697,Control,Têka,
698,Convenient,Linga,
699,Conversation,Ilyashi,
700,Convert,Sangula,Alula
701,Convict (do),Shinina,
702,Cook,Ipika,
703,Cooked (ready),Pya,
704,Cool,Talala,
705,Copper,Mukuba,
706,Copy,Cikope,Ambula
707,Cord,Umwando,
708,Cork,Inciliko,
709,Cork screw,Ncililwo,
710,Cormoran (water bird),Nondo,
711,Corner,Itungi,
712,Corpse,Citumbi,
713,Correct,Wamya,
714,Cost,Mutengo,
715,Cotton,Tonge,
716,Cough,Cifuba,
717,Council,Cilye,
718,Councillor,Wa mu cilye,Shicilye
719,Count,Penda,
720,Countless,Te fya kupenda,
721,Country,Impânga,
722,Courage,Kushipa,
723,Court,Cilye,
724,Courtyard,Lubansa,
725,Cousin,Mufyala,
726,Cover,Kupa,Nkupo
727,Cover (do),Kupika,Fimba
728,Covet,Kumbwa,
729,Cow,ɧombe,
730,Coward,Kûwe,
731,Cowshed,Itanga,Icinka
732,Crab,ɧanse,
733,Crack (in wall),Mulale,
734,Crack (in skin of heel),Linɧa,
735,Craft,Bufundi,
736,Craftsman,Fundi,
737,Cramp,Ntontongolo,
738,Crane (crested),Ngôli,
739,Crane (other),Ikolongo,
740,Crash,Toba,
741,Craving,Bukasha,
742,Crawl,Amfula,
743,Craziness,Bushilu,
744,Crazy,Pena,
745,Create,Bumba,
746,Creator,Kabumba,
747,Creature,Cibumbwa,
748,Creed,Cisuminino,
749,Creep (crawl),Amfula,
750,Creep (hunter),Bendela,
751,Cricket,Nyense,
752,Criminal,Cipondo,
753,Cripple,Cilema,
754,Crippled,Lemana,
755,Crocodile,Nɧwena,
756,Crooked,Kongama,
757,Crop,Fisabo,
758,Crop rotation,Alule mbuto,
759,Cross,Musalaba,
760,Cross (water),Abuka,
761,Cross (be),Fulwa,Fitwa
762,Crossing place,Câbu,
763,Crosswise,Pindika,
764,Crow,Mwankole,
765,Crowd,Ibumba,
766,Crown,Cisote ca mfumu,
767,Crucifix,Musalaba,
768,Crucify,Tanika,
769,Cruel,Luma,
770,Cruelty,Bunkalwe,
771,Crumble,Bongolola,Mokola
772,Crush,Shina,Shona
773,Cry,Lila,
774,Cucumber,Cibimbi,
775,Cultivate,Lima,
776,Cup,Nkomaki,
777,Cupboard,"""Kabati""",
778,Cure,Posha,Undapa
779,Curl,Lupôto,
780,Curl up,Nyongânya,
781,Current,Mukuku,
782,Curse,Ntipu,Tîpa
783,Curtail,Cefya,
784,Curve,Cinshoko,Kongamika
785,Cushion,Musao,
786,Cut,Mulaba,
787,Cut (oneself),Icena,
788,Cut (hair),Beya umushishi,
789,Cut off,Putula,
790,Cut open,Tumbula,
791,Cut tree,Tema,
792,Cut meat,Tanta,
793,D,,
794,Daily,Cila bushiku,Nshiku shonse
795,Damage,Onaula,
796,Damaged,Onauka,
797,Damp,Bomba,Mutonshi
798,Dampness,Mutonshi,
799,Dance,Cila,Cinda
800,Dandruff,Nkuku,
801,Danger,Busanso,
802,Dare,Esha,Pama
803,Dark,Fita,
804,Darkness,Mfifi,
805,Date,Bushiku,
806,Daughter,Mwana mwanakashi,
807,Daughter in law,Mupongoshi,
808,Dawn,Ca,Macâca
809,Day,Bushiku,
810,Daybreak,Macâca,
811,Daylight,Kasuba,
812,Dead,Fwa,
813,Deaf,Koma matwi,
814,Deafen,Komya matwi,
815,Deal,Pêla,
816,Dear,Mutemwishi,Mutemwikwa
817,Dear (expensive),Koso mutengo,
818,Death,Mfwa,
819,Debate,Tâlika,
820,Debt,Nkongole,Misha
821,Decay,Bola,
822,Decease,Fwa,
823,Deceit,Bucenjeshi,
824,Deceitful,Ba ne ndimi shibili,
825,December,Mupundu-milimo,
826,Decide,Pingula,
827,Decision,Ubupingulo,
828,Declare,Sosa,
829,Decorate,Sâmika,
830,Decoration,Cisâmo,
831,Deep,Tali,Shika
832,Defame,Sebanya,
833,Defeat,Cimfya,Ansha
834,Defend,Pokolola,Pokako
835,Defender,Mpâlume,
836,Defer,Kokosha,Tantalisha
837,Delay,Chelesha,Linsha
838,Delete,Fûta,
839,Deliberately,Kumufûlo,
840,Delight,Nsansa,
841,Delirious,Sabaila,
842,Deliver,Pususha,Lubula
843,Deliver (to),Twala,
844,Demand,Fwaya,Lomba
845,Demolish,Onaula,
846,Demolished,Onaika,
847,Demon,Cibanda,Ciwa
848,Donounce,Sebanya,
849,Deny,Kâna,
850,Depart,Ya,
851,Depend,Ba kuli,
852,Depth,Butali panshi,Kushika
853,Descend,Ika,
854,Describe,Londolola,
855,Desert,Ciswebêbe,
856,Deserter,Musangu,
857,Deserve,Fwa,
858,Design,Lenga,
859,Designer,Kalenga,
860,Desire,Fwaya,Kumbwa
861,Despite,Nangu,Nelyo
862,Destroy,Onaula,Toba
863,Destruction,Bonaushi,
864,Datach,Kakatula,
865,Detest,Pata,
866,Detour,Cinshoko,Shosha
867,Develop,Kula,
868,Development,Buyantanshi,
869,Deviate,Petula,Petuka
870,Devour,Lya,Mina
871,Dew,Mume,
872,Diarrhoea,Polomya,Lwala pamala
873,Die,Fwa,
874,Differ,Ibela,Lekana
875,Difference,Bupusano,
876,Different,Pusana,Lekana
877,Differentiate,Pusanya,Lekanya
878,Difficult,Afya,
879,Difficulty,Bwafya,
880,Dig,Imba,
881,Dig (up),Shula,
882,Digest,Sungulula,
883,Digit,Ipendo,
884,Dignity,Bucindami,Mucinshi
885,Dilute,Sundula,Songolola
886,Diminish,Cefya,
887,Dine,Lya,
888,Dining Room,ɧanda ya kulilamo,
889,Dip,Tumpa,Tumpika
890,Direct (show),Langa,Tungulula
891,Direct (straight),Lungama,
892,Direction,Ntunga,Lubali
893,Dirt,Ciko,Busâli
894,Dirty,Ba ne fiko,Sapa
895,Disadvantage,Bipile,
896,Disagree,Pusana,
897,Disappear,Loba,Ongoloka
898,Disapprove,Kâna,
899,Disarrange,Salanganya,Fulunganya
900,Discontent,Cifukushi,
901,Discourage,Nenuna,Fûpula
902,Discover,Sanga,Sokola
903,Discretion,Mfundato,
904,Disdain,Fwita,Sûla
905,Disease,Bulwele,Ntandabwanga
906,Disgrace,Sebânya,
907,Disguise,Fisa,
908,Disgust,Citendwe,Tendusha
909,Dish,Mbale yafongomana,
910,Dishearten,Fûpula,
911,Disinter,Shukula,
912,Dislike,Pata,
913,Dislocate,Minya,
914,Dismantle,Pangulula,Pangaula
915,Dismiss,Tamfya,
916,Disorder,Cimfulunganya,Fulungana
917,Dispatch,Tuma,
918,Dispensary,Cipatala,
919,Disperse,Salanganya,
920,Dispersion,Isunga,
921,Displeased,Fulwa,Fitwa
922,Dispute,Fikansa,Kansana
923,Disregard,Musâlula,Sûla
924,Disrespectful,Ba nemisûla,
925,Dissention,Cimpatanya,
926,Dissolve,Sungulula,
927,Dissuade,Kânya,
928,Distance,Kulêpa,Talusha
929,Distinguish,Lekanya,Pusanya
930,Distinguished,Lumbuka,
931,Distract,Pusaula,Pusauka
932,District,Mpanga,Câlo
933,Ditch,Mufôlo,
934,Dive,Ibila,
935,Divide,Akanya,
936,Divination,Lubuko,
937,Divine,Takatifu,
938,Divine (the future),Buka,
939,Divinity,Bumulungu,
940,Divorce,Lekana mucûpo,Putule cûpo
941,Divulge,Ananya,Sokolola
942,Dizziness,Lunshingwa,
943,Do,Cita,
944,Docile,Nakilila,Petama
945,Docility,Bupete,Cumfwilo
946,Doctor,Shinɧanga,
947,Dog,Mbwa,
948,Doll,Kalubi,
949,Domicile,Bwikalo,
950,Donkey,Punda,
951,Door,Cibi,
952,Door post,Ingwe,
953,Doorway,Mwinshi,
954,Dormitory,ɧanda yakusendamamo,
955,Dorsal,Longololo lwa numa,
956,Dot,Itoni,
957,Double,Pabili,
958,Doubt,Twishika,
959,Dove,Cipêle,
960,Dovecot,Citele,
961,Down,Panshi,
962,Down (put),Teka panshi,
963,Downstream,Kwisamba lya mumana,
964,Dowry,Mpango,
965,Doze,Shipula,
966,Drag,Tinta,Kululal
967,Draw,Tinta,
968,Draw (line),Lenga,
969,Draw (water),Tapa menshi,
970,Draw (no winner),Filwâna,
971,Draught (drink),Musa,
972,Draught (wind),Mwela,
973,Dream,Cilôto,Lôta
974,Dregs (beer),Manshi,
975,Dress,Ilaya lyabanakashi,Fwika
976,Drill,Musumbo,
977,Drink,Nwa,Cakunwa
978,Drip,Tona,
979,Drip (cause to),Tonya,
980,Drive,Ensha,
981,Driver,Namutekenya,
982,Drizzle,Bufumi,Mima
983,Drop,Itoni,Pona
984,Drop (cause to),Ponya,
985,Dropay,Lusuku,
986,Drought,Cilala,
987,Drown,Nwensha,Nwêna
988,Drowse,Shipula,
989,Drug,Muti,Ndawa
990,Drum,ɧoma,
991,Drunk,Kolwa,
992,Drunkard,Mumwenshi,
993,Drunkeness,Bunwenshi,Kukolwa
994,Dry,Ma,Kama
995,Duck,Mbata,
996,Duck (wild),Coso,
997,Duiker,Mpombo,
998,Duiker (blue),Katimba,
999,Dumb person,Cibulu,
1000,Dumbness,Bucibulu,
1001,Dung,Citindi,Mafi yaɧombe
1002,During,Munshita ya,
1003,Dusk,Lumonangala,
1004,Dust,Lukungu,
1005,Duster,Citambala cakufûtilako,
1006,Duty,Ncito,Mulimo
1007,Dwarf,Kamuntu akepi,
1008,Dwell,Ikala,
1009,Dying,Pumbuka pa kufwa,Naka
1010,Dynamite,Cisalatini,
1011,Dysentery,Polomyo mulopa,Cele
1012,Dysfunctional,Fulungana,
1013,E,,
1014,Each,Onse,Cila
1015,Each one,Cila umo,
1016,Eager,Fwaisha,
1017,Eagle,Kapumpe,
1018,Ear,Kutwi,
1019,Earache,Mboboyo,
1020,Early,Lucelo,Kacelo
1021,Early (very),Lucelocelo,Kacelocelo
1022,Earn,Mwenamo,Lipilwa
1023,Earth,Calo,Isonde
1024,Earthquake,Cinkukuma,
1025,East,Kabanga,
1026,Easter,Ipasaka,
1027,Eastertide,Mwaka wa pasaka,
1028,Easy,Anguka,
1029,Eat,Lya,
1030,Eat (feast),Ipakishe,
1031,Edge (hole),Milomo,
1032,Edge (river),Isense,Lulamba
1033,Edible,Liwa,
1034,Educate,Funda,
1035,Education,Buleshi,Kufunda
1036,Effort,Maka,
1037,Egg,Lini,
1038,Eight,Cine konse konse,
1039,Either,Onse,
1040,Either,Atemwa,
1041,Eland,Nsefu,
1042,Elastic,Nyunsuluka,
1043,Elbow,Nkonkoni,
1044,Elder,Kalamba,
1045,Elect,Sala,
1046,Elegance,Busaka,
1047,Elephant,Nsofu,
1048,Elephantiasis,Mubamba,
1049,Elevate,Lundumanika,
1050,Else,Atemwa,
1051,Elsewhere,Kumbi,Pambi
1052,Embelish,Waminisha,
1053,Ember,Musolilo,
1054,Embrace,Fukatila,Kumbatila
1055,Emissary,Nkombe,Mutumishi
1056,Employ,Bomfya,Pêlo mulimo
1057,Empty,Pwa,
1058,Encircle,Shinga,
1059,Enclose,Ingisha,
1060,Enclosure,Lupango,
1061,Encourage,Kosho mutima,
1062,End,Mpela,Lutwe
1063,Enemy,Mulwani,
1064,Energetic,Shipa,
1065,Energetically,Maka maka,
1066,Engage (marriage),Kobekela,
1067,Engage (work),Pêlo mulimo,
1068,Engine,"""Ingini""",
1069,Enjoy,Shukila,
1070,Enlarge,Kusha,
1071,Enlighten,Panda mâno,Funda
1072,Enmity,Bulwani,
1073,Enough,Fula,
1074,Enslave,Cita musha,Lofya
1075,Entangle,Fundikanya,
1076,Enter,Ingila,
1077,Entice,Pimpila,
1078,Entire,Tuntulu,Onse
1079,Entirely,Onse nakalya,
1080,Entrance,Mwinshi,Mwingililo
1081,Enumerate,Lumbula,
1082,Envelope,Pomba,Nkupo
1083,Envious,Ba no mufimbila,
1084,Envoy,Nkombe,
1085,Epidemic,Cikuko,
1086,Epilepsy,Kakoshi-musa,Bushilu
1087,Epileptic fits,Shinsha,
1088,Equal,Lingana,
1089,Erase,Fûta,
1090,Erect,Imika,
1091,Err,Luba,
1092,Error,Cilubo,
1093,Escape,Pusumuka,Fyuka
1094,Escort,Shindika,
1095,Especially,Pali bubi,Ukucila
1096,Esteem,Mucinshi,
1097,Eternal,Pe,
1098,Eucharist,Lukalishitiya,
1099,Europe,Bulaya,
1100,European,Musungu,
1101,European (of),Cisungu,
1102,Evangelist,Mwalimu,
1103,Eve,Cibelushi,
1104,Even,Lingana,
1105,Even (though),Nangu,Nangula
1106,Evening,Cungulo,
1107,Ever,Tala,
1108,Ever since,Nshita yonse iyo,
1109,Everlasting,Pe,Belêlela
1110,Every,Onse,Cila
1111,Everybody,Onse,Muntu onse
1112,Everywhere,Mpanga yonse,Konsekonse
1113,Evidence,Bunte,
1114,Evil,Bubi,
1115,Evocation,Lubuko,
1116,Evocator,Kabuka,
1117,Evoke spirits,Buka,
1118,Exact,Ba bwino,
1119,Exactly,Na endi,Cine cine
1120,Exaggerate,Lemyo mulandu,
1121,Exaggeration,Mukunka bulunda nkoloko,
1122,Examination,Mashindano,
1123,Examine,Lengula,
1124,Example,Cilangililo,
1125,Excavate,Fonkola,
1126,Exceed,Cisha,Cila
1127,Excellent,Suma,Wama sana
1128,Except,Kano,
1129,Exchange,Kabula,Cinja
1130,Excrement,Busâli,Mafi
1131,Excuse (pardon),Belelo luse,
1132,Excuse (exempt),Fumya,
1133,Exhaust,Tembula,Fumuna
1134,Exhort,Konkomesha,
1135,Exhortation,Ifunde,
1136,Exhume,Shukula,
1137,Expect,Cetekela,
1138,Expectoration,Cikôla,
1139,Expel,Tamfya,
1140,Expensive,Koso mutengo,
1141,Experiment,Esha,
1142,Expert,Fundi,Cibinda
1143,Expiate,Fûtila,
1144,Explain,Londolola,
1145,Explode,Latula,Latuka
1146,Explore,Lengula,
1147,Extend,Tambalika,
1148,Extensible,Nyunsuluka,
1149,External,Kunse,
1150,Extinct,Shima,
1151,Extinguish,Shimya,
1152,Extol,Lumbanya,
1153,Extract (thorn),Bangula,
1154,Extract (tooth),Nukula,
1155,Extract (boil metal),Enga,
1156,Extraordinary,Ca ku kusungusha,
1157,Extremity,Lutwe,
1158,Eye,Linso,
1159,Eye (look at),Tontomesha,
1160,Eyebrow,Cikumbi,
1161,Eye cataract,Cibubi,
1162,Eyelash,Lukopyo,
1163,Eyelid,Cipa ca linso,
1164,Eye withness,Mona kumenso,
1165,F,,
1166,Fable,Lushimi,Mulumbe
1167,Fabricate,Panga,
1168,Face,Mpumi,
1169,Facilitate,Angusha,
1170,Fade,Fôta,Bonsa
1171,Faeces,Mafi,
1172,Faggot,Cifinga,
1173,Fail,Filwa,
1174,Faint,Tembuka,Fwa cipûpu
1175,Fair,Suma,
1176,Faith,Cisumino,
1177,Faithful,Cishinka,Cine cine
1178,Fall,Pôma,
1179,FALSE,Bufi,
1180,Fame,Lulumbi,
1181,Family,Lupwa,
1182,Famine,Cipôwe,
1183,Famous,Lumbuka,
1184,Far,Kutali,
1185,Farewell,Shalikapo,
1186,Farm,Ibala,"""Famu"""
1187,Farmer,Mulimi,
1188,Fast,Lubilo,
1189,Fasten,Ikasha,
1190,Fat,Mafuta,
1191,Fat (oily),Nona,
1192,Fat (big),Ina,
1193,Father,Tâta,
1194,Father of twins,Shimpundu,
1195,Father in law,Pongoshi,
1196,Fattem,Inya,
1197,Fault,Cilubo,
1198,Favour,Afwa,
1199,Favourite,Kacele,Mubile
1200,Fear,Mwenso,
1201,Fearless,Pama,
1202,Feast,Malila,
1203,Feather,Isako,
1204,February,Kabengele kakalamba,
1205,Fecundate,Imisha,
1206,Fed up,Tendwa,
1207,Feeble,Bonsa,
1208,Feed,Lisha,
1209,Feel,Umfwa,
1210,Fell,Tema,
1211,Fellow,Mune,
1212,Female,Kota,
1213,Feminine,Anakashi,
1214,Fense,Ilinga,Lubao
1215,Ferment,Nsashiko,
1216,Fern,Luputu,
1217,Ferocious,Kali,
1218,Ferocity,Bukali,Bunkalwe
1219,Ferry,Cikwepe,
1220,Fertile,Funda,
1221,Fetch,Fwaya,
1222,Fetish,Kalubi,
1223,Fever,Mpepo,
1224,Few,Mo,
1225,Fiancé,Lumbwe,
1226,Fiancée,Nkobekelwa,
1227,Field,Ibala,Cilime
1228,Fierce,Kali,
1229,Fig tree,Mukunyu,
1230,Fight,Lubuli,Lwa
1231,File (tool),Fûpa,
1232,File (line),Mulongo,
1233,Fill,Isusha,Paka
1234,Fill (hole),Shîka,
1235,Filter,Nceemeko,Cemeka
1236,Filth,Ciko,
1237,Filthy,Ba ne fiko,
1238,Finally,Suka,
1239,Find,Sanga,
1240,Fine,Lipilisha,
1241,Fine,Suma,
1242,Fine (thin),Anguka,
1243,Finger,Munwe,
1244,Finger (thumb),Cikumo,
1245,Finger 1st,Nkomfola musunga,
1246,Finger 2nd,Munwe nkalamba,
1247,Finger 3rd,Cikonka kantengesha,
1248,Finger (little),Kantengesha,
1249,Finger nail,Lwala,
1250,Finger (ring),Mbalaminwe,
1251,Finish,Pwa,
1252,Fire,Mulilo,
1253,Firearm,Canso,
1254,Firebrand,Cishishi ca mulilo,
1255,Fire fly,Cishishi ca mulilo,
1256,Fire place,Ishiko,
1257,Fire poker,Musolilo,
1258,Firewood,Lukuni,
1259,First,Ntanshi,
1260,First born,Ibeli,
1261,Fish,Isabi,
1262,Fish bone,Umunga we sabi,
1263,Fish eagle,Cembe,Nkwashi
1264,Fish hook,Bulobo,
1265,Fish poison,Buba,
1266,Fish trap,Mono,
1267,Fisherman,Mulondo,
1268,Fist,Ikôfi,Cifunshi
1269,Fit,Linga,
1270,Five,Fisano,
1271,Fix,Kambatika,
1272,Flag staff,Mulongoti,
1273,Flame,Lubingu,
1274,Flash,Byata,
1275,Flask,Musukupala,
1276,Flat,Papâtala,
1277,Flatten,Papâtika,
1278,Flatter,Senga,
1279,Flatterer,Mufukila kubili,
1280,Flatulence,Cisushi,
1281,Flavour,Cinunshi,
1282,Flea,Lupantila,
1283,Flee,Fyuka,Butuka
1284,Flesh,Munofu,
1285,Flexible,Kondenkana,
1286,Float,Elêla,
1287,Flog,Lapika,
1288,Flood,Lyeshi,Bundwa
1289,Floor,Ica panshi,
1290,Floor,Bunga,
1291,Flow,Pita,
1292,Flower,Iluba,
1293,Fluff (hair),Ifufu,
1294,Flute,Mutôlilo,
1295,Fly (insect),Lunshi,
1296,Fly,Pupuka,
1297,Foam,Ifulo,
1298,Foe,Mulwani,
1299,Foetus,Ifumo,
1300,Fog,Fubefube,
1301,Fold,Peta,
1302,Follow,Konka,
1303,Following,Konkapo,
1304,Folly,Buwelewele,
1305,Fond (like),Fwaisha,
1306,Food,Cilyo,Cakulya
1307,Food for journey,Mpao,
1308,Fool,Cipuba,
1309,Foolishness,Buwelewele,
1310,Foot,Lukasa,
1311,Football,Mupila,
1312,Footpath,Nshila,Kashila
1313,Footprint,Makasa,
1314,For,Ku,
1315,Forbid,Lesha,
1316,Force,Patika,Maka
1317,Foreboding,Lucêbu,
1318,Ford,Cabu,
1319,Forefather,Cikolwe,
1320,Forehead,Mpumi,
1321,Foreign,Eni,
1322,Foreigner,Mweni,
1323,Foreman,Kapitao,
1324,Forenoon,Lucelo,
1325,Forest,Mutengo,Mpanga
1326,Forge,Fula,
1327,Forget,Laba,
1328,Forgetful,Ba ne cilafi,
1329,Forgetfulness,Cilafi,
1330,Forgive,Belelo luse,
1331,Fork (of branch),Lupanda,
1332,Fork,"""Foloko""",
1333,Form,Musango,
1334,Formerly,Kale,Pa ntanshi
1335,Fornicate,Angala fyabipa,
1336,Fornication,Bupulumushi,
1337,Forsake,Lekelesha,
1338,Forsaken,Nsansalila,
1339,Fortify,Kosha,
1340,Fortnight,Milungu ibili,
1341,Fortunate,Shuka,
1342,"Fortune, good",Ishuko,
1343,Forward,Tuma,Ku ntanshi
1344,Foster,Tentemba,
1345,Foster (parent),Muleshi,
1346,Found,Moneka,Londoka
1347,Foundation,Mufula,
1348,Fountain,Cishima,Kafumkwemfunkwe
1349,Four,Ne,
1350,Fowl,Nkoko,
1351,Fox,Mumbwe,Nkusa
1352,Fracture,Funa,
1353,Fraud,Bucenjeshi,
1354,Free,Lubula,
1355,Freely,Cabe,
1356,Freeze,Tikama,
1357,Frequently,Libili libili,
1358,Fresh,Bishi,
1359,Friday,Cisâno,
1360,Friend,Cibusa,
1361,Friend (my),Munandi,
1362,Friend (your),Munobe,
1363,Friendship,Bucibusa,
1364,Frighten,Tinya,
1365,Frightful,Cakutina,
1366,Frog,Cûla,
1367,From,Ku,Kuli
1368,Front,Pa ntanshi,Mpumi
1369,Frontier,Mupaka,
1370,Frost,Mpepo,
1371,Froth,Ifulo,
1372,Frown,Tembe nkanshi,
1373,Fruit,Citwalo,Mukoto
1374,Fry,Salula,
1375,Full,Isula,
1376,Fume,Cushi,
1377,Fun,Nseko,Milangwe
1378,Funeral,Cililo,
1379,Funnel,Mpakilo,
1380,Funny,Sekesha,
1381,Fur,Masako ya nama,
1382,Furious,Sakâtuka,
1383,Furnace,Ilungu,
1384,Furnish,Fwaila,
1385,Furrow,Mufôlo,Munyangala
1386,Further,Ukucila,
1387,Future,Nshita ikesa,Ku ntanshi
1388,G,,
1389,Gaiety,nsansa,
1390,Gain,Mwenamo,
1391,Gale,Cikûku ca mwêla,
1392,Gall,Ndusha,
1393,Game (sport),Cangalo,
1394,Game (animal),Nama sha kulunga,
1395,Game meat,Nama sha mpanga,
1396,Game pit,Bucinga,
1397,Gap,Mupokapoka,
1398,Gape,Asama,
1399,Garden,Ibala,Malimino
1400,Gardener,Shimalimino,
1401,Gargle,Sukusa,
1402,Garment,Cakufwala,Cifwalo
1403,Gate,Mpongolo,
1404,Gather,Longanya,
1405,Gather,Longana,
1406,Gathering,Cilonganino,Ibungwe
1407,Gay (happy),Ba ne nsansa,
1408,Gaze,Lolekesha,Tontomesha menso
1409,General,Onse,
1410,Generosity,Bupe,
1411,Generous,Wa bupe,
1412,Gentile,Musenshi,
1413,Gentleman,Muntu wa cindama,Muntu wa mibêle isuma
1414,Gentleness,Cikûku,
1415,Genuflect,Tibila,Fuka kulu kumo
1416,Germ,Musonga,
1417,Germinate,Mena,
1418,Get,Poka,
1419,Get away,Fumapo,
1420,Get back,Bwela,
1421,Get down,Ika,
1422,Get out,Fumapo,
1423,Get up,Ima,
1424,Ghost,Ciwa,Mulungulwa
1425,Ghost (Holy),Mweo Mutakatifu,
1426,Giant,Cimuntu,
1427,Giddiness,Lunshingwa,
1428,Gift,Bupe,
1429,Giraffe,Ndyabuluba,
1430,Girdle,Mushingo,
1431,Girl,Mukashana,Mwanakashi mwaice
1432,Give,Pela,Pa
1433,Give back,Bwesha,
1434,Give in,Cimba,
1435,Give up,Leka,
1436,Gizzard,Nondo,
1437,Glance,Ceba,
1438,Gland (swollen lymph),Mutantamfula,
1439,Glitter,Beka,
1440,Gloominess,Cintefwila,
1441,Glorify,Lumbanya,
1442,Glory,Malumbo,
1443,Glue,Kambatika,
1444,Gluttony,Bulili,
1445,Gnash teeth,Senganya mêno,
1446,Gnaw,Kokota,
1447,Go,Ya,Enda
1448,Goat,Mbushi,
1449,Goat (male),Sâwe,
1450,Go-away bird,Kûwe,
1451,God,Lesa,Mulungu
1452,Godchild,Mwana wa lubatisho,
1453,Godfather,Wishi wa lubatisho,
1454,Godmother,Nyina wa lubatisho,
1455,Godparent,Mwiminishi,
1456,Goitre,Cibukulo,
1457,Gong,Lubembo,
1458,Good,Suma,Wamya
1459,Good-bye (stay well),Shalenipo,
1460,Good-bye (travel well),Kafikênipo,
1461,Good day,Mwapoleni,
1462,Good enough,Eyefilyako,
1463,Goose,Ishipi,
1464,Gooseberry,Lusongwa,
1465,Gorge,Mupokapoka,
1466,Gossip,Ilyashi,Lwambo
1467,Gouge out,Tonkola,
1468,Gourd,Nsupa,
1469,Govern,Têka bantu,
1470,Government,Buteko,Kamfulumende
1471,Governor,Kateka wa calo,
1472,Gown,Nkansu,
1473,Grace,Busuma,Nêma
1474,Graft,Alule mbuto,
1475,Grain,Luseke,Mbuto
1476,Grain bin,Butala,
1477,Grand,Kalamba,
1478,Grandchild,Mwishikulu,
1479,Grandfather,Shikulu,Sokulu
1480,Grandmother,Mama,Nokokulu
1481,Grant,Sumina,Pêla
1482,Grasp (grip),Fumbata,
1483,Grasp (understand),Tesha,
1484,Grass,Cani,
1485,Grasshopper,Kapâso,
1486,Grateful,Santika,
1487,Gratis,Cabe,
1488,Grave,Cilindi,Luputa lwa muntu
1489,Gravel,Nsakalabwe,
1490,Graveyard,Nshishi,
1491,Gravy,Muto,
1492,Grease,Mafuta,
1493,Great,Kalamba,
1494,Greatly,Pakalamba,
1495,Greatness,Bukalamba,
1496,Greediness,Bulili,
1497,Green (colour),Katapakatapa,
1498,Green (raw),Bishi,
1499,Greet,Celela,Posha
1500,Grey,Butuluka,
1501,Grief,Bulanda,
1502,Grimance,Isente,
1503,Grin,Censa,Ceneka
1504,Grind,Pela,
1505,Grip,Manika,
1506,Groan,Teta,ɧonta
1507,Ground,Panshi,
1508,Groundnut,Lubalala,
1509,Groundpea,Lutoyo,
1510,Group,Ibumba,Isese
1511,Grove,Mushitu,
1512,Grow,Kula,Lima
1513,Growl,Buluma,
1514,Grudge,Cikonko,Cipyu
1515,Gruel,Musunga,
1516,Grumble,Ilishanya,Isosha
1517,Guard,Linda,
1518,Guardian,Mulinshi,
1519,Guava,Ipêla,
1520,Guess,Elenganya,
1521,Guest,Mweni,
1522,Guide,Ntungulushi,Tungulula
1523,Guilty,Ba no mulandu,
1524,Guinea fowl,Ikanga,
1525,Gum,Cinyamuti,
1526,Gum (of teeth),Ciponshi,
1527,Gun,Mfuti,
1528,Gun powder,Maluti,
1529,H,,
1530,Habit,Mibêle,
1531,Habit (dress),Cakufwala,
1532,Hail (stones),Mfula ya mabwe,
1533,Hail (greet),Posha,
1534,Hair,Mushishi,
1535,Hair (body hair),Ipipi,
1536,Half,Pakati,
1537,Halt,Iminina,Iminika
1538,Halve,Putula pakati,
1539,Hammer,Nondo,
1540,Hammer,Pampamina,
1541,Hammock,Icila,
1542,Hand,Cisansa,
1543,Handcuff,Nshimbi sha kalyati,
1544,Handful,Lupi pa,
1545,Handicraft,Bufundi,
1546,Handkerchief,Citambala ca kufyonenamo,
1547,Handle,Mupini,
1548,Hang,Kobeka,
1549,Hang (suicide),Ikulika,
1550,Happen,Citika,
1551,Happiness,Nsansa,
1552,Happy,Ba ne nsansa,
1553,Harbour,Câbu,
1554,Hard,Kosa,
1555,Harden,Kosha,
1556,Hard-headed,Koso mutwe,
1557,Hard-hearted,Koso mutima,Uma ku mutima
1558,Hard-heartedness,Bunkalwe,Bulûlu
1559,Hardly,Kwempe,
1560,Hardship,Bwafya,
1561,Hare,Kalulu,
1562,Hark,Umfwa,
1563,Harlot,Iule,Ketwa
1564,Harm,Bubi,
1565,Harmful,Bipila,
1566,Harmonium,Cinanda,
1567,Harpoon,Cibingu,
1568,Harsh,Kalwe,
1569,Harshness,Bunkalwe,
1570,Hartebeest,Nkonshi,
1571,Harvest,Kusêpa,
1572,Haste,Lubilo,
1573,Hasten,Anguka,
1574,Hat,Cisote,
1575,Hatch (eggs),Tôta mani,
1576,Hate,Pata,
1577,Hatred,Lupato,
1578,Have,Kwata,
1579,Hawk,Pungwa,
1580,Hawk (Shikra),Lukoshi,
1581,Hawker,Musulwishi,
1582,Head,Mutwe,
1583,Headman,Kapitao,
1584,Heal,Posha,
1585,Health,Mutende,
1586,Healthy,Ba mutende,
1587,Heap,Mwina,
1588,Hear,Umfwa,
1589,Heart,Mutima,
1590,Hearth,Ishiko,
1591,Heat,Cikabilila,
1592,Heat up,Kafya,
1593,Heathen,Musenshi,
1594,Heaven,Mûlu,
1595,Heavy,Fina,
1596,Hedge,Ilinga,
1597,Heel,Citende,
1598,He-goat,Sawe,
1599,Height,Butali,
1600,Heir,Mpyani,
1601,Hell,Mulilo wa pe,
1602,Help,Afwa,Cafwilisho
1603,Helper,Bukota,Kâfwa
1604,Helpful,Tumike,
1605,Hemp,Ibange,
1606,Hen,Nkoko,
1607,Hence,E ico,Êco
1608,Henceforth,Kuntanshi,
1609,Herald,Kabila wa mbila,
1610,Herd,Ibumba,
1611,Herdsman,Kacema,
1612,Here,Kuno,Pano
1613,Heredity,Cifyalilo,
1614,Hereupon,Ninshi,
1615,Heron,Nkôba,
1616,Hesitate,Twishika,
1617,Hey,E,
1618,Hiccup,Muntekunteku,
1619,Hide,Fisa,
1620,Hide (skin),Mukupo,
1621,High,Tali,
1622,Hill,Lupili,
1623,Him,Akwe,
1624,Himself,Mwine,
1625,Hinder,Fufya,
1626,Hindrance,Cilesha,
1627,Hip,Lutungu,
1628,Hippo,Mfubu,
1629,Hippopotamus,Mfubu,
1630,Hire,Ashima,
1631,History (ancient),Milandu ya kale,
1632,History (modern),Milandu ya nomba,
1633,Hit,Uma,
1634,Hither,Kuno,
1635,Hive,Cilunda,
1636,Hoarse,Kome shiwi,
1637,Hoe,Lukasu,
1638,Hold,Ikata,
1639,Hole,Bwendo,Cilindi
1640,Holiday,Bushiku bwa kutusha,
1641,Holiness,Takatifu,
1642,Homage,Mucinshi,
1643,Homesick,Fuluka,
1644,Honest,Cishinka,
1645,Honestly,Bucishinka,
1646,Honey,Buci,
1647,Honeybird,ɧûni,
1648,Honeycomb,Cipepe,
1649,Honeyfly,Kabulubulu,
1650,Honour,Cindika,
1651,Honourable,Cindama,
1652,Honourableness,Bukata,
1653,Hoof,Lubondo,
1654,Hook,Bulobo,
1655,Hoot,Sopesha,
1656,Hop,Toboka,
1657,Hope,Cisubilo,
1658,Horn,Lusengo,
1659,Hornet,Ilonda,
1660,Horse,Mfwalashi,Kabalwe
1661,Hospital,Cipatâla,
1662,Horsefly,Cipobe,
1663,Host,Kasunga,
1664,Hostile,Lwani,
1665,Hostility,Bulwani,
1666,Hot,Kaba,
1667,Hotel,"""Otela""",
1668,Hour,Nsa,
1669,Hourly,Cila nsa,
1670,House,ɧanda,
1671,How,Shani,
1672,However,Nomba,Ngefyo
1673,How much,Shinga,
1674,How many (people),Banga,
1675,How many (diminutive),Tunga,
1676,How many (massive),Finga,
1677,Howl,Kûwa,
1678,Hum,Tâta,
1679,Human,Muntu,
1680,Humanity,Buntunse,Bumuntu
1681,Humble,Cefya,
1682,Hump,Ntengele,
1683,Hundred,Mwanda,
1684,Hunger,Nsala,
1685,Hunt,Lunga,
1686,Hunter,Mulunshi,Kalunga
1687,Huricane,Cikûku ca mwela,
1688,Hurry up,Endesha,Cincila
1689,Hurt,Kalipa,
1690,Husband,Muka,
1691,Husk,Cipâpa,
1692,Hut,ɧanda,
1693,Hyena,Cimbwi,
1694,Hymn,Lwimbo,
1695,Hypocrite,Wa ndimi shibili,
1696,I,,
1697,I (me),Ine,
1698,Ice,Menshi makâsa,
1699,Idea,Muntontonkanya,
1700,Identity,Cishibilo,
1701,Identity card,Citupa,
1702,Idiot,Ciwelewele,Cipumbu
1703,Idle,Naɧana,
1704,Idleness,Bunaɧani,Bulamu
1705,Idol,Kalubi,
1706,If,Nga,
1707,Ignore,Sûla,
1708,Iguana,Nsamba,
1709,Ill,Lwala,
1710,Illness,Bulwele,
1711,Ill-treat,Cito lucu,
1712,Illustrate,Langa,
1713,Image,Nsalamu,
1714,Imagination,Mwelenganya,
1715,Imagine,Elenganya,
1716,Imitate,Pashanya,
1717,Immediate,Ndakai,
1718,Immediately,Nombaline,
1719,Immerse,Abika,Tumpika
1720,Immorality,Bupulumushi,
1721,Impatient,Ba ne cipyu,
1722,Impediment,Cilesha,
1723,Impertinence,Musâlula,
1724,Implement,Cibombelo,
1725,Implore,Papâta,
1726,Important,Kalamba,
1727,Impossible,Ansha,
1728,Impotence,Bucibola,
1729,Imprison,Kaka,
1730,Improve,Wamya,
1731,In,Mu,
1732,Incence,Bubâni,
1733,Incision,Lulembo,
1734,Incite,Cinchisha,
1735,Incline (head),Iniko mutwe,
1736,Incline (body),Inama,
1737,Incline (slope),Mulundu,
1738,Include,Ingisha,
1739,Increase,Lunda,
1740,Incredible,Caku papusha,
1741,Increment,Bulundo,
1742,Indeed,Nakabushe,
1743,Independent,Itêke,
1744,Indegenous,Kaya,
1745,Indescretion,Bukwakwa,
1746,Individual,Umo,
1747,Infancy,Bunya,
1748,Infant,Kanya,
1749,Infect,Ambukila,
1750,Infection,Lwambu,
1751,Infinite,Pe,
1752,Infirm,Bonsa,
1753,Inflammation,Fundwefundwe,
1754,Inform,Ebako,
1755,Inhabitant,Mwikala calo,
1756,Inherit,Pyana,
1757,Inheritance,Bupyani,
1758,Injure,Cena,
1759,Injustice,Lufyengo,
1760,Innocent,Wakaele,
1761,Innocence,Bukaele,
1762,Innumerable,Te fya kupenda,
1763,Inquire,Bûsha,Ipusha
1764,Insane,Pena,
1765,Insect,Cishishi,
1766,Inside,Mukati,
1767,Insist,Pamfya,
1768,Inspect,Londa,
1769,Instantly,Nombaline,
1770,Instead,Mu ncende ya,
1771,Instigate,Sobelekanya,
1772,Instinct,Mutima,
1773,Instruct,Funda,
1774,Instrument,Cibombelo,
1775,Insufficient,Cepa,
1776,Insult,Tuka,
1777,Intact,Tuntulu,
1778,Intellect,Mâno,
1779,Intend,Fwaya,
1780,Intentionally,Ku kutemwa,
1781,Intercede,Papâtila,
1782,Intercessor,Bukota,Ndubulwila
1783,Interpret,Alula,
1784,Interpretor,Kapilibula,
1785,Interrupt,Cilinganya,
1786,Interweave,Pikula,
1787,Intestine,Bula,Mala
1788,Intimidate,Tinya,
1789,Into,Mu,
1790,Intone,Bûlo lwimbo,
1791,Intoxicate,Kolesha,
1792,Introduce,Ingisha,
1793,Indundate,Bundwa,
1794,Invent,Panga,
1795,Invite,Ita,Kûta
1796,Invitation,Bwite,
1797,Iron,Cêla,
1798,Irrigate,Tapilila,
1799,Irritable,Cipyu,
1800,Island,Cishi,
1801,Itch,Baba,
1802,Ivory,Lino lya nsofu,
1803,J - Z Coming soon,,
1804,Jackal,Mumbwe,
1805,Jail,Cifungo,
1806,January,Kabengele kanono,
1807,Jaw,Mubango wa kanwa,
1808,Jealousy,Mufimbila,
1809,Jeer,Wêla,
1810,Jesus,Yesu,
1811,Job,Ncito,
1812,Join,Kumbinkanya,
1813,Joint,Lupingu,
1814,Joke,Milangwe,Nseko
1815,Journey,Lwendo,
1816,Joy,Nsansa,
1817,Judge,Kaputula wa milandu,
1818,Judgement,Bupingushi,
1819,Juice,Menshi,
1820,July,Cikungulupepo,
1821,Jump,Ibaka,Toloka
1822,June,Kapepo kakalamba,
1823,K,,
1824,Keen,Fwaisha,
1825,Keep,Sunga,
1826,Key,Lufungulo,
1827,Kick,Panta,Munshele
1828,Kidney,Lufyo,
1829,Kill,Ipaya,
1830,Kiln,Cibili,Itanuma
1831,Kind,Wa luse,
1832,Kindle,Sanika,
1833,Kindness,Busuma,Cikûku
1834,King,Mfumu,
1835,Kingdom,Bufumu,
1836,Kiss,Shintiko mulomo ku,
1837,Kitchen,ɧanda ya kwipikilamo,
1838,Kite (black kite),Pungwa,
1839,Knapsack,Côla,
1840,Knead,Kanda,
1841,Knee,Ikufi,
1842,Kneeling,Bufukeme,
1843,Knife,Mwêle,
1844,Knit,Pikula,
1845,Knock,Konkonsha,
1846,Knot,Cifundo,
1847,Know,Ishiba,
1848,Knowledge,Mâno,
1849,Knuckle,Lupingu,
1850,Kraal,Icinka,Itanga
1851,Kudu (antelope),Nsansala,
1852,L - Z Coming soon,,
1853,Labour,Bomba na maka,
1854,Lack,Bula,
1855,Lad,Kalume,
1856,Ladder,Mutanto,
1857,Lady,Lôna,
1858,Lair,Mutundu,
1859,Lake,Bemba,
1860,Lamb,Mwana wa mpanga,
1861,Lame,Lemana,Cilema
1862,Lament,Lilila,
1863,Lance,Ifumo,
1864,Land,Calo,
1865,Language,Lulimi,
1866,Lard,Mafuta,
1867,Large,Kulu,
1868,Larva,Bube,
1869,Larynx,Cikolomino,
1870,Lash,Bwembya,
1871,Last,Kokola,
1872,Late,Celwa,
1873,Latrine,Cimbusu,
1874,Laugh,Seka,
1875,Laughter,Nseko,
1876,Lavatory,Cimbusu,
1877,Law,Cêbo,
1878,Lawsuit,Mulandu,
1879,Lay,Bika,
1880,Lazy,Naɧani,
1881,Laziness,Bunaɧani,
1882,Lead (metal),Mutofwe,
1883,Leader,Ntungulushi,
1884,Leadership,Butungulushi,
1885,Leaf,Ibûla,
1886,Leak,Sûma,
1887,Lean,Onda,
1888,Learn,Sambilila,
1889,Leather,Mpapa,
1890,Leave,Sha,Ya
1891,Lechwe (antelope),Nja,
1892,Left (hand),Ku Kuso,
1893,Leg,Mukonso,
1894,Legend,Mulumbe,
1895,Lemon,Ndimu,
1896,Lend,Ashima,
1897,Length,Butali,
1898,Lengthen,Lefya,
1899,Lent,Nshita ya kweleshima,
1900,Lentil,Ilanda,
1901,Leopard,Mbwili,
1902,Leper,Wa fibashi,
1903,Leprosy,Fibashi,
1904,Less,Cepa,
1905,Lessen,Cefya,
1906,Lesson,Ifunde,
1907,Lest,Atemwa,
1908,Let,Leka,
1909,Letter,Kalata,
1910,Letter (0f alphabet),Cilembo,
1911,Level,Linganya,
1912,Liar,Wa bufi,
1913,Liberate,Lubula,
1914,Lick,Myanga,
1915,Lid,Nkupiko,
1916,Lie,Bufi,
1917,Lie across,Pindama,
1918,Life,Bumi,
1919,Lift,Imya,
1920,Lighten,Angusha,
1921,Lightning,Mwele wa mfula,Kalumba
1922,Like,Pala,
1923,Likeness,Cipasho,
1924,Limit,Mpela,
1925,Limp,Sunta,
1926,Line (Queue),Mulongo,
1927,Line (drawn),Cishilwa,
1928,Linger,Kokola,
1929,Lion,Nkalamo,
1930,Lip,Mulomo,
1931,Liquid,Amenshi,
1932,Lisp,Bulubusa,
1933,Listen,Umfwa,
1934,Litany,Malumbo,
1935,Little,Nôno,
1936,Lively,Luma,
1937,Liver,Libu,
1938,Lizard,Mulinso,
1939,Load,Cipe,
1940,Loaf (of bread),Mukate,
1941,Loafer,Ntalanshi,
1942,Loam,Mushili we lambo,
1943,Loan,Bukope,
1944,Locust,Makanta,
1945,Log (tree),Mulando,
1946,Loin,Musana,
1947,Long,Tali,
1948,Long ago,Kale,
1949,Long for,Kasha,
1950,Longing,Bukasha,
1951,Look,Lolesha,
1952,Looking glass (mirror),Cilola,Mulolani
1953,Loose,Kakuka,
1954,Loosen,Kakula,
1955,Lop,Tema,
1956,Lose,Lufya,
1957,Lost,Luba,
1958,Loud,Kafya,
1959,Louse,Nda,
1960,Love,Citemwiko,
1961,Low,Ipipa,
1962,Lower,Isha,
1963,Loyal,Cishinka,
1964,Lucifer,Shetani mukalamba,
1965,Luck,Ishuko,
1966,Lucky,Shûka,
1967,Luggage,Cipe,
1968,Lukewarm,Cifulefule,
1969,Lump,Lutoshi,
1970,Lungs,Pwapwa,
1971,Lunatic,Ishilu,
1972,Lust,Lunkumbwa,
1973,M - Z Coming soon,,
1974,Mad,Pena,Ishilu
1975,Madam,Mama,Lôna
1976,Madness,Bushilu,Bucipena
1977,Maggot,Mutiti,
1978,Maid,Mukashana,
1979,Maidenhood,Bukashana,
1980,Mail,Kalata,
1981,Maim,Lemanika,
1982,Maimed,Lemana,
1983,Maize,Nyanje,
1984,Make,Cita,Panga
1985,Malaria,Bulwele bwa mpepo,
1986,Male,Cilume,
1987,Malice,Mufulo,Mumbo
1988,Maliciously,Ku mufulo,Ku mumbo
1989,Man,Mwaume,
1990,Manager,Mushika,
1991,Mane,Mwansa,
1992,Mango,iyembe,
1993,Manhood,Bwaume,
1994,Manifest,Moneka,Londolola
1995,Mankind,Bwina bantu,
1996,Mantle,Isâba,
1997,Manure,Fundika,
1998,Many,ingi,fula
1999,Marabou stork,Mukanga,Cipampa
2000,March,Kautumpu,
2001,March (walk),Enda,
2002,Market,Cisankano,
2003,Marriage,Cupo,Bwinga
2004,Marrow,Bufyompo,
2005,Marrow (gourd),Mungu,
2006,Marry,Upa,
2007,Marry (get married),Upwa,
2008,Marsh,Tefwetefwe,
2009,Martyr,Fwila Lesa,
2010,Marvel,Cisungusho,
2011,Marvellous,Ca kusunguka,
2012,Mass,Minsa,
2013,Massage,Cina,
2014,Master (boss),Bwana,
2015,Masticate,Sheta,
2016,Mat,Butanda,Cisani
2017,Match (football),Mupila,
2018,Match (safety matches),Cibiliti,
2019,Matchbox,Cifwambo,
2020,Mate,Mune,
2021,Matter (thing),Cintu,
2022,Mature,Kula,
2023,May,Kapepo kanono,
2024,May,Kuti,
2025,Me,Ine,
2026,Meal,Cakulya,
2027,Mean (stingy),Wa kaso,
2028,Mean (the meaning),Kutila,
2029,Meanness,Butani,Kaso
2030,Meanwhile,Mu nshita,
2031,Measure,Pima,Cipimo
2032,Meat,Nama,Munofu
2033,Medal,Nsalamu,
2034,Mediator,Ndubulwila,
2035,Medicine,Muti,
